<NotepadPlus>
    <UserLang name="Coni Genie" ext="cmd" udlVersion="2.1">
        <Settings>
            <Global caseIgnored="yes" allowFoldOfComments="no" foldCompact="no" forcePureLC="2" decimalSeparator="2" />
            <Prefix Keywords1="no" Keywords2="no" Keywords3="yes" Keywords4="no" Keywords5="no" Keywords6="yes" Keywords7="no" Keywords8="no" />
        </Settings>
        <KeywordLists>
            <Keywords name="Comments">00# 01 02 03 04</Keywords>
            <Keywords name="Numbers, prefix1"></Keywords>
            <Keywords name="Numbers, prefix2"></Keywords>
            <Keywords name="Numbers, extras1"></Keywords>
            <Keywords name="Numbers, extras2"></Keywords>
            <Keywords name="Numbers, suffix1"></Keywords>
            <Keywords name="Numbers, suffix2"></Keywords>
            <Keywords name="Numbers, range"></Keywords>
            <Keywords name="Operators1">~ ! @ ^ &amp; * ( ) - + = | \ / ; &lt; &gt; , [ ]</Keywords>
            <Keywords name="Operators2">and or not</Keywords>
            <Keywords name="Folders in code1, open">{</Keywords>
            <Keywords name="Folders in code1, middle"></Keywords>
            <Keywords name="Folders in code1, close">}</Keywords>
            <Keywords name="Folders in code2, open"></Keywords>
            <Keywords name="Folders in code2, middle"></Keywords>
            <Keywords name="Folders in code2, close"></Keywords>
            <Keywords name="Folders in comment, open"></Keywords>
            <Keywords name="Folders in comment, middle"></Keywords>
            <Keywords name="Folders in comment, close"></Keywords>
            <Keywords name="Keywords1">action&#x000D;&#x000A;begin&#x000D;&#x000A;else&#x000D;&#x000A;end&#x000D;&#x000A;if&#x000D;&#x000A;include&#x000D;&#x000A;put&#x000D;&#x000A;then&#x000D;&#x000A;when</Keywords>
            <Keywords name="Keywords2">exit&#x000D;&#x000A;gosub&#x000D;&#x000A;goto&#x000D;&#x000A;return&#x000D;&#x000A;matchwait&#x000D;&#x000A;</Keywords>
            <Keywords name="Keywords3">%&#x000D;&#x000A;$</Keywords>
            <Keywords name="Keywords4">!&#x000D;&#x000A;%&#x000D;&#x000A;&amp;&#x000D;&#x000A;*&#x000D;&#x000A;+&#x000D;&#x000A;-&#x000D;&#x000A;// /&#x000D;&#x000A;&lt;&#x000D;&#x000A;=&#x000D;&#x000A;&gt;&#x000D;&#x000A;^&#x000D;&#x000A;|&#x000D;&#x000A;~</Keywords>
            <Keywords name="Keywords5">counter&#x000D;&#x000A;delay&#x000D;&#x000A;eval&#x000D;&#x000A;evalmath&#x000D;&#x000A;evaluate&#x000D;&#x000A;evaluatemath&#x000D;&#x000A;match&#x000D;&#x000A;matchre&#x000D;&#x000A;math&#x000D;&#x000A;move&#x000D;&#x000A;nextroom&#x000D;&#x000A;pause&#x000D;&#x000A;random&#x000D;&#x000A;save&#x000D;&#x000A;setvar&#x000D;&#x000A;setvariable&#x000D;&#x000A;shift&#x000D;&#x000A;timer&#x000D;&#x000A;wait&#x000D;&#x000A;waitfor&#x000D;&#x000A;waitforre</Keywords>
            <Keywords name="Keywords6">#</Keywords>
            <Keywords name="Keywords7">unsetvar&#x000D;&#x000A;unsetvariable&#x000D;&#x000A;unvar&#x000D;&#x000A;unvariable&#x000D;&#x000A;var&#x000D;&#x000A;variable&#x000D;&#x000A;vars</Keywords>
            <Keywords name="Keywords8">null&#x000D;&#x000A;</Keywords>
            <Keywords name="Delimiters">00&quot; 01 02&quot; 03 04 05 06 07 08 09 10 11 12 13 14 15 16 17 18 19 20 21 22 23</Keywords>
        </KeywordLists>
        <Styles>
            <WordsStyle name="DEFAULT" fgColor="FFFFFF" bgColor="000000" fontName="" fontStyle="0" nesting="0" />
            <WordsStyle name="COMMENTS" fgColor="000000" bgColor="FFFFFF" fontName="" fontStyle="0" nesting="0" />
            <WordsStyle name="LINE COMMENTS" fgColor="408080" bgColor="000000" fontName="" fontStyle="0" nesting="0" />
            <WordsStyle name="NUMBERS" fgColor="FF00FF" bgColor="000000" fontName="" fontStyle="0" nesting="0" />
            <WordsStyle name="KEYWORDS1" fgColor="0060F0" bgColor="000000" fontName="" fontStyle="0" nesting="0" />
            <WordsStyle name="KEYWORDS2" fgColor="DD0000" bgColor="000000" fontName="" fontStyle="0" nesting="0" />
            <WordsStyle name="KEYWORDS3" fgColor="00FF00" bgColor="000000" fontName="" fontStyle="0" nesting="0" />
            <WordsStyle name="KEYWORDS4" fgColor="008000" bgColor="000000" fontName="" fontStyle="0" nesting="0" />
            <WordsStyle name="KEYWORDS5" fgColor="FF8000" bgColor="000000" fontName="" fontStyle="0" nesting="0" />
            <WordsStyle name="KEYWORDS6" fgColor="FF8000" bgColor="000000" fontName="" fontStyle="0" nesting="0" />
            <WordsStyle name="KEYWORDS7" fgColor="00FF40" bgColor="000000" fontName="" fontStyle="0" nesting="0" />
            <WordsStyle name="KEYWORDS8" fgColor="FF00FF" bgColor="000000" fontName="" fontStyle="0" nesting="0" />
            <WordsStyle name="OPERATORS" fgColor="008000" bgColor="000000" fontName="" fontStyle="0" nesting="0" />
            <WordsStyle name="FOLDER IN CODE1" fgColor="C0C0C0" bgColor="000000" fontName="" fontStyle="0" nesting="0" />
            <WordsStyle name="FOLDER IN CODE2" fgColor="000000" bgColor="FFFFFF" fontName="" fontStyle="0" nesting="0" />
            <WordsStyle name="FOLDER IN COMMENT" fgColor="000000" bgColor="FFFFFF" fontName="" fontStyle="0" nesting="0" />
            <WordsStyle name="DELIMITERS1" fgColor="FFFF00" bgColor="000000" fontName="" fontStyle="0" nesting="50335744" />
            <WordsStyle name="DELIMITERS2" fgColor="000000" bgColor="FFFFFF" fontName="" fontStyle="0" nesting="0" />
            <WordsStyle name="DELIMITERS3" fgColor="000000" bgColor="808040" fontName="" fontStyle="0" nesting="0" />
            <WordsStyle name="DELIMITERS4" fgColor="000000" bgColor="FFFFFF" fontName="" fontStyle="0" nesting="0" />
            <WordsStyle name="DELIMITERS5" fgColor="000000" bgColor="FFFFFF" fontName="" fontStyle="0" nesting="0" />
            <WordsStyle name="DELIMITERS6" fgColor="000000" bgColor="FFFFFF" fontName="" fontStyle="0" nesting="0" />
            <WordsStyle name="DELIMITERS7" fgColor="000000" bgColor="FFFFFF" fontName="" fontStyle="0" nesting="0" />
            <WordsStyle name="DELIMITERS8" fgColor="000000" bgColor="FFFFFF" fontName="" fontStyle="0" nesting="0" />
        </Styles>
    </UserLang>
</NotepadPlus>
