<NotepadPlus>
    <UserLang name="Genie Script" ext="cmd wiz inc" udlVersion="2.1">
        <Settings>
            <Global caseIgnored="no" allowFoldOfComments="no" foldCompact="no" forcePureLC="2" decimalSeparator="0" />
            <Prefix Keywords1="no" Keywords2="no" Keywords3="no" Keywords4="no" Keywords5="yes" Keywords6="yes" Keywords7="no" Keywords8="no" />
        </Settings>
        <KeywordLists>
            <Keywords name="Comments">03 04 00# 01 02</Keywords>
            <Keywords name="Numbers, prefix1"></Keywords>
            <Keywords name="Numbers, prefix2"></Keywords>
            <Keywords name="Numbers, extras1"></Keywords>
            <Keywords name="Numbers, extras2"></Keywords>
            <Keywords name="Numbers, suffix1"></Keywords>
            <Keywords name="Numbers, suffix2"></Keywords>
            <Keywords name="Numbers, range"></Keywords>
            <Keywords name="Operators1">- ! &amp; ( ) * / \ ; [ ] ^ | ~ + &lt; = &gt; &apos; &quot; (?!\w)</Keywords>
            <Keywords name="Operators2"></Keywords>
            <Keywords name="Folders in code1, open"></Keywords>
            <Keywords name="Folders in code1, middle"></Keywords>
            <Keywords name="Folders in code1, close"></Keywords>
            <Keywords name="Folders in code2, open"></Keywords>
            <Keywords name="Folders in code2, middle"></Keywords>
            <Keywords name="Folders in code2, close"></Keywords>
            <Keywords name="Folders in comment, open"></Keywords>
            <Keywords name="Folders in comment, middle"></Keywords>
            <Keywords name="Folders in comment, close"></Keywords>
            <Keywords name="Keywords1">action counter delay deletevariable eval echo evalmath evaluate evaluatemath include math move nextroom pause put random save send setvar setvariable shift timer unsetvar unsetvariable unvar unvariable var variable vars wait waitfor waitforre when add subtract set multiply divide modulus clear start stop setstart and else exit gosub goto if if_1 if_2 if_3 if_4 if_5 if_6 if_7 if_8 if_9 match matchre matchwait return then waiteval elseif</Keywords>
            <Keywords name="Keywords2">#action #alias #aliases #beep #class #clear #color #colors #colours #config #connect #echo #edit #eval #gag #gags #highlight #highlights #if #ignore #ignores #keys #load #log #math #macro #macros #name #names #parse #playsound #play #playwave #playsystem #preset #presets #push #put #queue #random #save #send #set #setting #settings #setvar #setvariable #status #statusbar #sub #subs #substitute #squelch #trigger #variable #var #vars #unalias #unvar #unvariable #unsetvar #unsetvariable #untrigger #unmacro #unclass #unsub #unsubs #unsubstitute #ungag #unignore #unignores #unsquelch #unname #script abort pause resume trace pauseorresume debug debuglevel #goto #tvar #evalmath</Keywords>
            <Keywords name="Keywords3">$0 $1 $2 $3 $4 $5 $6 $7 $8 $9 %0 %1 %2 %3 %4 %5 %6 %7 %8 %9 %c %r %s %t $north $northeast $east $southeast $south $southwest $west $northwest $up $down $out $roomid $roomname $roomdesc $roomobjs $roomplayers $roomexits $concentration $encumbrance $health $mana $spirit $stamina $charactername $gamename $kneeling $prone $sitting $standing $stunned $hidden $invisible $dead $joined $bleeding $webbed $roundtime $preparedspell $lefthand $lefthandnoun $righthand $righthandnoun $gametime $poisoned $diseased $connected $version $time $date $datetime $spelltime $monstercount $monsterlist $prompt $lastcommand $useridle $zoneid $zonename $scriptlist %scriptname</Keywords>
            <Keywords name="Keywords4">sin cos tan arcsin arccos arctan sqrt max min floor ceiling log log10 ln round abs neg pos instr instring contains indexof lastindexof startswith endswith replace replacere tolower toupper trim len length substr substring count</Keywords>
            <Keywords name="Keywords5">% $</Keywords>
            <Keywords name="Keywords6">(?&lt;!\w) (?!\w)</Keywords>
            <Keywords name="Keywords7"></Keywords>
            <Keywords name="Keywords8"></Keywords>
            <Keywords name="Delimiters">00 01 02 03 04 05 06 07 08 09 10 11 12 13 14 15 16 17 18 19 20 21 22 23</Keywords>
        </KeywordLists>
        <Styles>
            <WordsStyle name="DEFAULT" fgColor="C0C0C0" bgColor="000000" fontName="" fontStyle="0" nesting="0" />
            <WordsStyle name="COMMENTS" fgColor="000000" bgColor="FFFFFF" fontName="" fontStyle="0" nesting="0" />
            <WordsStyle name="LINE COMMENTS" fgColor="008000" bgColor="000000" fontName="" fontStyle="2" nesting="0" />
            <WordsStyle name="NUMBERS" fgColor="C0C0C0" bgColor="000000" fontName="" fontStyle="1" nesting="0" />
            <WordsStyle name="KEYWORDS1" fgColor="FF8000" bgColor="000000" fontName="" fontStyle="0" nesting="0" />
            <WordsStyle name="KEYWORDS2" fgColor="8080FF" bgColor="000000" fontName="" fontStyle="0" nesting="0" />
            <WordsStyle name="KEYWORDS3" fgColor="808000" bgColor="000000" fontName="" fontStyle="0" nesting="0" />
            <WordsStyle name="KEYWORDS4" fgColor="FF8000" bgColor="000000" fontName="" fontStyle="0" nesting="0" />
            <WordsStyle name="KEYWORDS5" fgColor="FF8080" bgColor="000000" fontName="" fontStyle="0" nesting="0" />
            <WordsStyle name="KEYWORDS6" fgColor="00FF40" bgColor="FFFFFF" fontName="" fontStyle="0" nesting="0" />
            <WordsStyle name="KEYWORDS7" fgColor="000000" bgColor="FFFFFF" fontName="" fontStyle="0" nesting="0" />
            <WordsStyle name="KEYWORDS8" fgColor="000000" bgColor="FFFFFF" fontName="" fontStyle="0" nesting="0" />
            <WordsStyle name="OPERATORS" fgColor="408080" bgColor="000000" fontName="" fontStyle="0" nesting="0" />
            <WordsStyle name="FOLDER IN CODE1" fgColor="C0C0C0" bgColor="000000" fontName="" fontStyle="1" nesting="0" />
            <WordsStyle name="FOLDER IN CODE2" fgColor="000000" bgColor="FFFFFF" fontName="" fontStyle="0" nesting="0" />
            <WordsStyle name="FOLDER IN COMMENT" fgColor="000000" bgColor="FFFFFF" fontName="" fontStyle="0" nesting="0" />
            <WordsStyle name="DELIMITERS1" fgColor="0080C0" bgColor="000000" fontName="" fontStyle="0" nesting="0" />
            <WordsStyle name="DELIMITERS2" fgColor="000000" bgColor="FFFFFF" fontName="" fontStyle="0" nesting="0" />
            <WordsStyle name="DELIMITERS3" fgColor="000000" bgColor="FFFFFF" fontName="" fontStyle="0" nesting="0" />
            <WordsStyle name="DELIMITERS4" fgColor="000000" bgColor="FFFFFF" fontName="" fontStyle="0" nesting="0" />
            <WordsStyle name="DELIMITERS5" fgColor="000000" bgColor="FFFFFF" fontName="" fontStyle="0" nesting="0" />
            <WordsStyle name="DELIMITERS6" fgColor="000000" bgColor="FFFFFF" fontName="" fontStyle="0" nesting="0" />
            <WordsStyle name="DELIMITERS7" fgColor="000000" bgColor="FFFFFF" fontName="" fontStyle="0" nesting="0" />
            <WordsStyle name="DELIMITERS8" fgColor="000000" bgColor="FFFFFF" fontName="" fontStyle="0" nesting="0" />
        </Styles>
    </UserLang>
</NotepadPlus>
